[
    {
        "code": "FC",
        "name": "FCT",
        "capital": "Abuja",
        "region": "North Central",
        "region_initial": "NC",
        "postal_code": "900001",
        "lgas": [
            "Abuja",
            "Kwali",
            "Kuje",
            "Gwagwalada",
            "Bwari",
            "Abaji"
        ]
    },
    {
        "code": "AB",
        "name": "Abia",
        "capital": "Umuahia",
        "region": "South East",
        "region_initial": "SE",
        "postal_code": "440001",
        "lgas": [
            "Aba North",
            "Aba South",
            "Arochukwu",
            "Bende",
            "Ikawuno",
            "Ikwuano",
            "Isiala-Ngwa North",
            "Isiala-Ngwa South",
            "Isuikwuato",
            "Umu Nneochi",
            "Obi Ngwa",
            "Obioma Ngwa",
            "Ohafia",
            "Ohaozara",
            "Osisioma",
            "Ugwunagbo",
            "Ukwa West",
            "Ukwa East",
            "Umuahia North",
            "Umuahia South"
        ]
    },
    {
        "code": "AD",
        "name": "Adamawa",
        "capital": "Yola",
        "region": "North East",
        "region_initial": "NE",
        "postal_code": "640001",
        "lgas": [
            "Demsa",
            "Fufore",
            "Ganye",
            "Girei",
            "Gombi",
            "Guyuk",
            "Hong",
            "Jada",
            "Lamurde",
            "Madagali",
            "Maiha",
            "Mayo-Belwa",
            "Michika",
            "Mubi-North",
            "Mubi-South",
            "Numan",
            "Shelleng",
            "Song",
            "Toungo",
            "Yola North",
            "Yola South"
        ]
    },
    {
        "code": "AK",
        "name": "AkwaIbom",
        "capital": "Uyo",
        "region": "South South",
        "region_initial": "SS",
        "postal_code": "520001",
        "lgas": [
            "Abak",
            "Eastern-Obolo",
            "Eket",
            "Esit-Eket",
            "Essien-Udim",
            "Etim-Ekpo",
            "Etinan",
            "Ibeno",
            "Ibesikpo-Asutan",
            "Ibiono-Ibom",
            "Ika",
            "Ikono",
            "Ikot-Abasi",
            "Ikot-Ekpene",
            "Ini",
            "Itu",
            "Mbo",
            "Mkpat-Enin",
            "Nsit-Atai",
            "Nsit-Ibom",
            "Nsit-Ubium",
            "Obot-Akara",
            "Okobo",
            "Onna",
            "Oron",
            "Oruk Anam",
            "Udung-Uko",
            "Ukanafun",
            "Urue-Offong/Oruko",
            "Uruan",
            "Uyo"
        ]
    },
    {
        "code": "AN",
        "name": "Anambra",
        "capital": "Awka",
        "region": "South East",
        "region_initial": "SE",
        "postal_code": "420001",
        "lgas": [
            "Aguata",
            "Anambra East",
            "Anambra West",
            "Anaocha",
            "Awka North",
            "Awka South",
            "Ayamelum",
            "Dunukofia",
            "Ekwusigo",
            "Idemili-North",
            "Idemili-South",
            "Ihiala",
            "Njikoka",
            "Nnewi-North",
            "Nnewi-South",
            "Ogbaru",
            "Onitsha-North",
            "Onitsha-South",
            "Orumba-North",
            "Orumba-South"
        ]
    },
    {
        "code": "BA",
        "name": "Bauchi",
        "capital": "Bauchi",
        "region": "North West",
        "region_initial": "NW",
        "postal_code": "740001",
        "lgas": [
            "Alkaleri",
            "Bauchi",
            "Bogoro",
            "Damban",
            "Darazo",
            "Dass",
            "Gamawa",
            "Ganjuwa",
            "Giade",
            "Itas Gadau",
            "Jama'Are",
            "Katagum",
            "Kirfi",
            "Misau",
            "Ningi",
            "Shira",
            "Tafawa-Balewa",
            "Toro",
            "Warji",
            "Zaki"
        ]
    },
    {
        "code": "BY",
        "name": "Bayelsa",
        "capital": "Yenagoa",
        "region": "South South",
        "region_initial": "SS",
        "postal_code": "561001",
        "lgas": [
            "Brass",
            "Ekeremor",
            "Kolokuma Opokuma",
            "Nembe",
            "Ogbia",
            "Sagbama",
            "Southern-Ijaw",
            "Yenagoa"
        ]
    },
    {
        "code": "BE",
        "name": "Benue",
        "capital": "Makurdi",
        "region": "North Central",
        "region_initial": "NC",
        "postal_code": "970001",
        "lgas": [
            "Ado",
            "Agatu",
            "Apa",
            "Buruku",
            "Gboko",
            "Guma",
            "Gwer-East",
            "Gwer-West",
            "Katsina-Ala",
            "Konshisha",
            "Kwande",
            "Logo",
            "Makurdi",
            "Ogbadibo",
            "Ohimini",
            "Oju",
            "Okpokwu",
            "Otukpo",
            "Tarka",
            "Ukum",
            "Ushongo",
            "Vandeikya"
        ]
    },
    {
        "code": "BO",
        "name": "Borno",
        "capital": "Maiduguri",
        "region": "North East",
        "region_initial": "NE",
        "postal_code": "600001",
        "lgas": [
            "Abadam",
            "Askira-Uba",
            "Bama",
            "Bayo",
            "Biu",
            "Chibok",
            "Damboa",
            "Dikwa",
            "Gubio",
            "Guzamala",
            "Gwoza",
            "Hawul",
            "Jere",
            "Kaga",
            "Kala Balge",
            "Konduga",
            "Kukawa",
            "Kwaya-Kusar",
            "Mafa",
            "Magumeri",
            "Maiduguri",
            "Marte",
            "Mobbar",
            "Monguno",
            "Ngala",
            "Nganzai",
            "Shani"
        ]
    },
    {
        "code": "CR",
        "name": "CrossRiver",
        "capital": "Calabar",
        "region": "South South",
        "region_initial": "SS",
        "postal_code": "540001",
        "lgas": [
            "Abi",
            "Akamkpa",
            "Akpabuyo",
            "Bakassi",
            "Bekwarra",
            "Biase",
            "Boki",
            "Calabar-Municipal",
            "Calabar-South",
            "Etung",
            "Ikom",
            "Obanliku",
            "Obubra",
            "Obudu",
            "Odukpani",
            "Ogoja",
            "Yakurr",
            "Yala"
        ]
    },
    {
        "code": "DE",
        "name": "Delta",
        "capital": "Asaba",
        "region": "South South",
        "region_initial": "SS",
        "postal_code": "320001",
        "lgas": [
            "Aniocha North",
            "Aniocha-North",
            "Aniocha-South",
            "Bomadi",
            "Burutu",
            "Ethiope-East",
            "Ethiope-West",
            "Ika-North-East",
            "Ika-South",
            "Isoko-North",
            "Isoko-South",
            "Ndokwa-East",
            "Ndokwa-West",
            "Okpe",
            "Oshimili-North",
            "Oshimili-South",
            "Patani",
            "Sapele",
            "Udu",
            "Ughelli-North",
            "Ughelli-South",
            "Ukwuani",
            "Uvwie",
            "Warri South-West",
            "Warri North",
            "Warri South"
        ]
    },
    {
        "code": "EB",
        "name": "Ebonyi",
        "capital": "Abakaliki",
        "region": "South East",
        "region_initial": "SE",
        "postal_code": "840001",
        "lgas": [
            "Abakaliki",
            "Afikpo-North",
            "Afikpo South (Edda)",
            "Ebonyi",
            "Ezza-North",
            "Ezza-South",
            "Ikwo",
            "Ishielu",
            "Ivo",
            "Izzi",
            "Ohaukwu",
            "Onicha"
        ]
    },
    {
        "code": "ED",
        "name": "Edo",
        "capital": "Benin City",
        "region": "South South",
        "region_initial": "SS",
        "postal_code": "300001",
        "lgas": [
            "Akoko Edo",
            "Egor",
            "Esan-Central",
            "Esan-North-East",
            "Esan-South-East",
            "Esan-West",
            "Etsako-Central",
            "Etsako-East",
            "Etsako-West",
            "Igueben",
            "Ikpoba-Okha",
            "Oredo",
            "Orhionmwon",
            "Ovia-North-East",
            "Ovia-South-West",
            "Owan East",
            "Owan-West",
            "Uhunmwonde"
        ]
    },
    {
        "code": "EK",
        "name": "Ekiti",
        "capital": "Ado-Ekiti",
        "region": "South West",
        "region_initial": "SW",
        "postal_code": "360001",
        "lgas": [
            "Ado-Ekiti",
            "Efon",
            "Ekiti-East",
            "Ekiti-South-West",
            "Ekiti-West",
            "Emure",
            "Gbonyin",
            "Ido-Osi",
            "Ijero",
            "Ikere",
            "Ikole",
            "Ilejemeje",
            "Irepodun Ifelodun",
            "Ise-Orun",
            "Moba",
            "Oye"
        ]
    },
    {
        "code": "EN",
        "name": "Enugu",
        "capital": "Enugu",
        "region": "South East",
        "region_initial": "SE",
        "postal_code": "400001",
        "lgas": [
            "Aninri",
            "Awgu",
            "Enugu-East",
            "Enugu-North",
            "Enugu-South",
            "Ezeagu",
            "Igbo-Etiti",
            "Igbo-Eze-North",
            "Igbo-Eze-South",
            "Isi-Uzo",
            "Nkanu-East",
            "Nkanu-West",
            "Nsukka",
            "Oji-River",
            "Udenu",
            "Udi",
            "Uzo-Uwani"
        ]
    },
    {
        "code": "GO",
        "name": "Gombe",
        "capital": "Gombe",
        "region": "North East",
        "region_initial": "NE",
        "postal_code": "760001",
        "lgas": [
            "Akko",
            "Balanga",
            "Billiri",
            "Dukku",
            "Funakaye",
            "Gombe",
            "Kaltungo",
            "Kwami",
            "Nafada",
            "Shongom",
            "Yamaltu Deba"
        ]
    },
    {
        "code": "IM",
        "name": "Imo",
        "capital": "Owerri",
        "region": "South East",
        "region_initial": "SE",
        "postal_code": "460001",
        "lgas": [
            "Aboh-Mbaise",
            "Ahiazu-Mbaise",
            "Ehime-Mbano",
            "Ezinihitte",
            "Ideato-North",
            "Ideato-South",
            "Ihitte Uboma",
            "Ikeduru",
            "Isiala-Mbano",
            "Isu",
            "Mbaitoli",
            "Ngor-Okpala",
            "Njaba",
            "Nkwerre",
            "Nwangele",
            "Obowo",
            "Oguta",
            "Ohaji-Egbema",
            "Okigwe",
            "Onuimo",
            "Orlu",
            "Orsu",
            "Oru-East",
            "Oru-West",
            "Owerri-Municipal",
            "Owerri-North",
            "Owerri-West"
        ]
    },
    {
        "code": "JI",
        "name": "Jigawa",
        "capital": "Dutse",
        "region": "North West",
        "region_initial": "NW",
        "postal_code": "720001",
        "lgas": [
            "Auyo",
            "Babura",
            "Biriniwa",
            "Birnin-Kudu",
            "Buji",
            "Dutse",
            "Gagarawa",
            "Garki",
            "Gumel",
            "Guri",
            "Gwaram",
            "Gwiwa",
            "Hadejia",
            "Jahun",
            "Kafin-Hausa",
            "Kaugama",
            "Kazaure",
            "Kiri kasama",
            "Maigatari",
            "Malam Madori",
            "Miga",
            "Ringim",
            "Roni",
            "Sule-Tankarkar",
            "Taura",
            "Yankwashi"
        ]
    },
    {
        "code": "KD",
        "name": "Kaduna",
        "capital": "Kaduna",
        "region": "North West",
        "region_initial": "NW",
        "postal_code": "800001",
        "lgas": [
            "Birnin-Gwari",
            "Chikun",
            "Giwa",
            "Igabi",
            "Ikara",
            "Jaba",
            "Jema'A",
            "Kachia",
            "Kaduna-North",
            "Kaduna-South",
            "Kagarko",
            "Kajuru",
            "Kaura",
            "Kauru",
            "Kubau",
            "Kudan",
            "Lere",
            "Makarfi",
            "Sabon-Gari",
            "Sanga",
            "Soba",
            "Zangon-Kataf",
            "Zaria"
        ]
    },
    {
        "code": "KN",
        "name": "Kano",
        "capital": "Kano",
        "region": "North West",
        "region_initial": "NW",
        "postal_code": "700001",
        "lgas": [
            "Ajingi",
            "Albasu",
            "Bagwai",
            "Bebeji",
            "Bichi",
            "Bunkure",
            "Dala",
            "Dambatta",
            "Dawakin-Kudu",
            "Dawakin-Tofa",
            "Doguwa",
            "Fagge",
            "Gabasawa",
            "Garko",
            "Garun-Mallam",
            "Gaya",
            "Gezawa",
            "Gwale",
            "Gwarzo",
            "Kabo",
            "Kano-Municipal",
            "Karaye",
            "Kibiya",
            "Kiru",
            "Kumbotso",
            "Kunchi",
            "Kura",
            "Madobi",
            "Makoda",
            "Minjibir",
            "Nasarawa",
            "Rano",
            "Rimin-Gado",
            "Rogo",
            "Shanono",
            "Sumaila",
            "Takai",
            "Tarauni",
            "Tofa",
            "Tsanyawa",
            "Tudun-Wada",
            "Ungogo",
            "Warawa",
            "Wudil"
        ]
    },
    {
        "code": "KT",
        "name": "Katsina",
        "capital": "Katsina",
        "region": "North West",
        "region_initial": "NW",
        "postal_code": "820001",
        "lgas": [
            "Bakori",
            "Batagarawa",
            "Batsari",
            "Baure",
            "Bindawa",
            "Charanchi",
            "Dan-Musa",
            "Dandume",
            "Danja",
            "Daura",
            "Dutsi",
            "Dutsin-Ma",
            "Faskari",
            "Funtua",
            "Ingawa",
            "Jibia",
            "Kafur",
            "Kaita",
            "Kankara",
            "Kankia",
            "Katsina",
            "Kurfi",
            "Kusada",
            "Mai-Adua",
            "Malumfashi",
            "Mani",
            "Mashi",
            "Matazu",
            "Musawa",
            "Rimi",
            "Sabuwa",
            "Safana",
            "Sandamu",
            "Zango"
        ]
    },
    {
        "code": "KE",
        "name": "Kebbi",
        "capital": "Birnin Kebbi",
        "region": "North West",
        "region_initial": "NW",
        "postal_code": "860001",
        "lgas": [
            "Aleiro",
            "Arewa-Dandi",
            "Argungu",
            "Augie",
            "Bagudo",
            "Birnin-Kebbi",
            "Bunza",
            "Dandi",
            "Fakai",
            "Gwandu",
            "Jega",
            "Kalgo",
            "Koko-Besse",
            "Maiyama",
            "Ngaski",
            "Sakaba",
            "Shanga",
            "Suru",
            "Wasagu/Danko",
            "Yauri",
            "Zuru"
        ]
    },
    {
        "code": "KO",
        "name": "Kogi",
        "capital": "Lokoja",
        "region": "North Central",
        "region_initial": "NC",
        "postal_code": "260001",
        "lgas": [
            "Adavi",
            "Ajaokuta",
            "Ankpa",
            "Dekina",
            "Ibaji",
            "Idah",
            "Igalamela-Odolu",
            "Ijumu",
            "Kabba Bunu",
            "Kogi",
            "Lokoja",
            "Mopa-Muro",
            "Ofu",
            "Ogori Magongo",
            "Okehi",
            "Okene",
            "Olamaboro",
            "Omala",
            "Oyi",
            "Yagba-East",
            "Yagba-West"
        ]
    },
    {
        "code": "KW",
        "name": "Kwara",
        "capital": "Ilorin",
        "region": "North Central",
        "region_initial": "NC",
        "postal_code": "240001",
        "lgas": [
            "Asa",
            "Baruten",
            "Edu",
            "Ekiti (Araromi/Opin)",
            "Ilorin-East",
            "Ilorin-South",
            "Ilorin-West",
            "Isin",
            "Kaiama",
            "Moro",
            "Offa",
            "Oke-Ero",
            "Oyun",
            "Pategi"
        ]
    },
    {
        "code": "LA",
        "name": "Lagos",
        "capital": "Ikeja",
        "region": "South West",
        "region_initial": "SW",
        "postal_code": "100001",
        "lgas": [
            "Agege",
            "Ajeromi-Ifelodun",
            "Alimosho",
            "Amuwo-Odofin",
            "Apapa",
            "Badagry",
            "Epe",
            "Eti-Osa",
            "Ibeju-Lekki",
            "Ifako-Ijaiye",
            "Ikeja",
            "Ikorodu",
            "Kosofe",
            "Lagos-Island",
            "Lagos-Mainland",
            "Mushin",
            "Ojo",
            "Oshodi-Isolo",
            "Shomolu",
            "Surulere",
            "Yewa-South"
        ]
    },
    {
        "code": "NA",
        "name": "Nassarawa",
        "capital": "Lafia",
        "region": "North Central",
        "region_initial": "NC",
        "postal_code": "962001",
        "lgas": [
            "Akwanga",
            "Awe",
            "Doma",
            "Karu",
            "Keana",
            "Keffi",
            "Kokona",
            "Lafia",
            "Nasarawa",
            "Nasarawa-Eggon",
            "Obi",
            "Wamba",
            "Toto"
        ]
    },
    {
        "code": "NI",
        "name": "Niger",
        "capital": "Minna",
        "region": "North Central",
        "region_initial": "NC",
        "postal_code": "920001",
        "lgas": [
            "Agaie",
            "Agwara",
            "Bida",
            "Borgu",
            "Bosso",
            "Chanchaga",
            "Edati",
            "Gbako",
            "Gurara",
            "Katcha",
            "Kontagora",
            "Lapai",
            "Lavun",
            "Magama",
            "Mariga",
            "Mashegu",
            "Mokwa",
            "Moya",
            "Paikoro",
            "Rafi",
            "Rijau",
            "Shiroro",
            "Suleja",
            "Tafa",
            "Wushishi"
        ]
    },
    {
        "code": "OG",
        "name": "Ogun",
        "capital": "Abeokuta",
        "region": "South West",
        "region_initial": "SW",
        "postal_code": "110001",
        "lgas": [
            "Abeokuta-North",
            "Abeokuta-South",
            "Ado-Odo Ota",
            "Ewekoro",
            "Ifo",
            "Ijebu-East",
            "Ijebu-North",
            "Ijebu-North-East",
            "Ijebu-Ode",
            "Ikenne",
            "Imeko-Afon",
            "Ipokia",
            "Obafemi-Owode",
            "Odeda",
            "Odogbolu",
            "Ogun-Waterside",
            "Remo-North",
            "Shagamu",
            "Yewa North"
        ]
    },
    {
        "code": "ON",
        "name": "Ondo",
        "capital": "Akure",
        "region": "South West",
        "region_initial": "SW",
        "postal_code": "340001",
        "lgas": [
            "Akoko North-East",
            "Akoko North-West",
            "Akoko South-West",
            "Akoko South-East",
            "Akure-North",
            "Akure-South",
            "Ese-Odo",
            "Idanre",
            "Ifedore",
            "Ilaje",
            "Ile-Oluji-Okeigbo",
            "Irele",
            "Odigbo",
            "Okitipupa",
            "Ondo West",
            "Ondo-East",
            "Ose",
            "Owo"
        ]
    },
    {
        "code": "OS",
        "name": "Osun",
        "capital": "Osogbo",
        "region": "South West",
        "region_initial": "SW",
        "postal_code": "230001",
        "lgas": [
            "Atakumosa West",
            "Atakumosa East",
            "Ayedaade",
            "Ayedire",
            "Boluwaduro",
            "Boripe",
            "Ede South",
            "Ede North",
            "Egbedore",
            "Ejigbo",
            "Ife North",
            "Ife South",
            "Ife-Central",
            "Ife-East",
            "Ifelodun",
            "Ila",
            "Ilesa-East",
            "Ilesa-West",
            "Irepodun",
            "Irewole",
            "Isokan",
            "Iwo",
            "Obokun",
            "Odo-Otin",
            "Ola Oluwa",
            "Olorunda",
            "Oriade",
            "Orolu",
            "Osogbo"
        ]
    },
    {
        "code": "OY",
        "name": "Oyo",
        "capital": "Ibadan",
        "region": "South West",
        "region_initial": "SW",
        "postal_code": "200001",
        "lgas": [
            "Afijio",
            "Akinyele",
            "Atiba",
            "Atisbo",
            "Egbeda",
            "Ibadan North",
            "Ibadan North-East",
            "Ibadan North-West",
            "Ibadan South-East",
            "Ibadan South-West",
            "Ibarapa-Central",
            "Ibarapa-East",
            "Ibarapa-North",
            "Ido",
            "Ifedayo",
            "Irepo",
            "Iseyin",
            "Itesiwaju",
            "Iwajowa",
            "Kajola",
            "Lagelu",
            "Ogo-Oluwa",
            "Ogbomosho-North",
            "Ogbomosho-South",
            "Olorunsogo",
            "Oluyole",
            "Ona-Ara",
            "Orelope",
            "Ori-Ire",
            "Oyo-West",
            "Oyo-East",
            "Saki-East",
            "Saki-West",
            "Surulere"
        ]
    },
    {
        "code": "PL",
        "name": "Plateau",
        "capital": "Jos",
        "region": "North Central",
        "region_initial": "NC",
        "postal_code": "930001",
        "lgas": [
            "Barkin-Ladi",
            "Bassa",
            "Bokkos",
            "Jos-East",
            "Jos-North",
            "Jos-South",
            "Kanam",
            "Kanke",
            "Langtang-North",
            "Langtang-South",
            "Mangu",
            "Mikang",
            "Pankshin",
            "Qua'an Pan",
            "Riyom",
            "Shendam",
            "Wase"
        ]
    },
    {
        "code": "RI",
        "name": "Rivers",
        "capital": "Port Harcourt",
        "region": "South South",
        "region_initial": "SS",
        "postal_code": "500001",
        "lgas": [
            "Abua Odual",
            "Ahoada-East",
            "Ahoada-West",
            "Akuku Toru",
            "Andoni",
            "Asari-Toru",
            "Bonny",
            "Degema",
            "Eleme",
            "Emuoha",
            "Etche",
            "Gokana",
            "Ikwerre",
            "Khana",
            "Obio Akpor",
            "Ogba-Egbema-Ndoni",
            "Ogba Egbema Ndoni",
            "Ogu Bolo",
            "Okrika",
            "Omuma",
            "Opobo Nkoro",
            "Oyigbo",
            "Port-Harcourt",
            "Tai"
        ]
    },
    {
        "code": "SO",
        "name": "Sokoto",
        "capital": "Sokoto",
        "region": "North West",
        "region_initial": "NW",
        "postal_code": "840001",
        "lgas": [
            "Binji",
            "Bodinga",
            "Dange-Shuni",
            "Gada",
            "Goronyo",
            "Gudu",
            "Gwadabawa",
            "Illela",
            "Kebbe",
            "Kware",
            "Rabah",
            "Sabon Birni",
            "Shagari",
            "Silame",
            "Sokoto-North",
            "Sokoto-South",
            "Tambuwal",
            "Tangaza",
            "Tureta",
            "Wamako",
            "Wurno",
            "Yabo"
        ]
    },
    {
        "code": "TA",
        "name": "Taraba",
        "capital": "Jalingo",
        "region": "North East",
        "region_initial": "NE",
        "postal_code": "660001",
        "lgas": [
            "Ardo-Kola",
            "Bali",
            "Donga",
            "Gashaka",
            "Gassol",
            "Ibi",
            "Jalingo",
            "Karim-Lamido",
            "Kurmi",
            "Lau",
            "Sardauna",
            "Takum",
            "Ussa",
            "Wukari",
            "Yorro",
            "Zing"
        ]
    },
    {
        "code": "YO",
        "name": "Yobe",
        "capital": "Damaturu",
        "region": "North East",
        "region_initial": "NE",
        "postal_code": "320001",
        "lgas": [
            "Bade",
            "Bursari",
            "Damaturu",
            "Fika",
            "Fune",
            "Geidam",
            "Gujba",
            "Gulani",
            "Jakusko",
            "Karasuwa",
            "Machina",
            "Nangere",
            "Nguru",
            "Potiskum",
            "Tarmuwa",
            "Yunusari",
            "Yusufari"
        ]
    },
    {
        "code": "ZA",
        "name": "Zamfara",
        "capital": "Gusau",
        "region": "North West",
        "region_initial": "NW",
        "postal_code": "860001",
        "lgas": [
            "Anka",
            "Bakura",
            "Birnin Magaji/Kiyaw",
            "Bukkuyum",
            "Bungudu",
            "Gummi",
            "Gusau",
            "Isa",
            "Kaura-Namoda",
            "Kiyawa",
            "Maradun",
            "Maru",
            "Shinkafi",
            "Talata-Mafara",
            "Tsafe",
            "Zurmi"
        ]
    }
]
